ADC Value,Current (A),Time (ms)
2.893486,-606.787,6296
2.893385,-606.738,6297
2.893486,-606.787,6298
2.893587,-606.836,6299
2.893486,-606.787,6300
2.893687,-606.885,6301
2.893587,-606.836,6302
2.893587,-606.836,6303
2.893788,-606.935,6304
2.893788,-606.935,6305
2.893889,-606.984,6306
2.893889,-606.984,6307
2.893687,-606.885,6308
2.893788,-606.935,6309
2.893587,-606.836,6310
2.893687,-606.885,6311
2.893788,-606.935,6312
2.893788,-606.935,6313
2.893788,-606.935,6314
2.893788,-606.935,6315
2.893788,-606.935,6316
2.893788,-606.935,6317
2.893788,-606.935,6318
2.893788,-606.935,6319
2.893687,-606.885,6320
2.893587,-606.836,6321
2.893687,-606.885,6322
2.893486,-606.787,6323
2.893587,-606.836,6324
2.893486,-606.787,6325
2.893385,-606.738,6326
2.893385,-606.738,6327
2.893486,-606.787,6328
2.893335,-606.714,6329
2.893587,-606.836,6330
2.893486,-606.787,6331
2.893536,-606.812,6332
2.893587,-606.836,6333
2.893284,-606.689,6334
2.893486,-606.787,6335
2.893587,-606.836,6336
2.893587,-606.836,6337
2.893587,-606.836,6338
2.893587,-606.836,6339
2.893486,-606.787,6340
2.893486,-606.787,6341
2.893486,-606.787,6342
2.893385,-606.738,6343
2.893486,-606.787,6344
2.893385,-606.738,6345
2.893587,-606.836,6346
2.893587,-606.836,6347
2.893687,-606.885,6348
2.893788,-606.935,6349
2.893788,-606.935,6350
2.893788,-606.935,6351
2.893687,-606.885,6352
2.893788,-606.935,6353
2.893788,-606.935,6354
2.893889,-606.984,6355
2.893738,-606.91,6356
2.893687,-606.885,6357
2.893889,-606.984,6358
2.893687,-606.885,6359
2.893587,-606.836,6360
2.893687,-606.885,6361
2.893788,-606.935,6362
2.893587,-606.836,6363
2.893486,-606.787,6364
2.893486,-606.787,6365
2.893687,-606.885,6366
2.893486,-606.787,6367
2.893385,-606.738,6368
2.893385,-606.738,6369
2.893486,-606.787,6370
2.893486,-606.787,6371
2.893486,-606.787,6372
2.893587,-606.836,6373
2.893587,-606.836,6374
2.893687,-606.885,6375
2.893486,-606.787,6376
2.893687,-606.885,6377
2.893788,-606.935,6378
2.893687,-606.885,6379
2.893788,-606.935,6380
2.893687,-606.885,6381
2.893587,-606.836,6382
2.893687,-606.885,6383
2.893788,-606.935,6384
2.893587,-606.836,6385
2.893486,-606.787,6386
2.893587,-606.836,6387
2.893587,-606.836,6388
2.893486,-606.787,6389
2.893335,-606.714,6390
2.893435,-606.763,6391
2.893486,-606.787,6392
2.893486,-606.787,6393
2.893385,-606.738,6394
2.893385,-606.738,6395
2.893486,-606.787,6396
2.893587,-606.836,6397
2.893385,-606.738,6398
2.893486,-606.787,6399
2.893486,-606.787,6400
2.893587,-606.836,6401
2.893486,-606.787,6402
2.893587,-606.836,6403
2.893738,-606.91,6404
2.893536,-606.812,6405
2.893889,-606.984,6406
2.893889,-606.984,6407
2.893788,-606.935,6408
2.893788,-606.935,6409
2.893788,-606.935,6410
2.893587,-606.836,6411
2.893587,-606.836,6412
2.893788,-606.935,6413
2.893486,-606.787,6414
2.893687,-606.885,6415
2.893587,-606.836,6416
2.893687,-606.885,6417
2.893587,-606.836,6418
2.893486,-606.787,6419
2.893587,-606.836,6420
2.893587,-606.836,6421
2.893385,-606.738,6422
2.893587,-606.836,6423
2.893587,-606.836,6424
2.893587,-606.836,6425
2.893587,-606.836,6426
2.893587,-606.836,6427
2.893687,-606.885,6428
2.893587,-606.836,6429
2.893587,-606.836,6430
2.893637,-606.861,6431
2.893889,-606.984,6432
2.893738,-606.91,6433
2.893587,-606.836,6434
2.893788,-606.935,6435
2.893687,-606.885,6436
2.893788,-606.935,6437
2.893486,-606.787,6438
2.893687,-606.885,6439
2.893687,-606.885,6440
2.893385,-606.738,6441
2.893486,-606.787,6442
2.893486,-606.787,6443
2.893486,-606.787,6444
2.893385,-606.738,6445
2.893687,-606.885,6446
2.893587,-606.836,6447
2.893486,-606.787,6448
2.893335,-606.714,6449
2.893587,-606.836,6450
2.893788,-606.935,6451
2.893687,-606.885,6452
2.893587,-606.836,6453
2.893687,-606.885,6454
2.893587,-606.836,6455
2.893687,-606.885,6456
2.893788,-606.935,6457
2.893687,-606.885,6458
2.893587,-606.836,6459
2.893587,-606.836,6460
2.893788,-606.935,6461
2.893587,-606.836,6462
2.893385,-606.738,6463
2.893587,-606.836,6464
2.893587,-606.836,6465
2.893587,-606.836,6466
2.893486,-606.787,6467
2.893587,-606.836,6468
2.893587,-606.836,6469
2.893385,-606.738,6470
2.893587,-606.836,6471
2.893587,-606.836,6472
2.893385,-606.738,6473
2.893486,-606.787,6474
2.893284,-606.689,6475
2.893385,-606.738,6476
2.893284,-606.689,6477
2.893486,-606.787,6478
2.893335,-606.714,6479
2.893587,-606.836,6480
2.893335,-606.714,6481
2.893587,-606.836,6482
2.893486,-606.787,6483
2.893587,-606.836,6484
2.893385,-606.738,6485
2.893486,-606.787,6486
2.893587,-606.836,6487
2.893687,-606.885,6488
2.893587,-606.836,6489
2.893687,-606.885,6490
2.893788,-606.935,6491
2.893687,-606.885,6492
2.893788,-606.935,6493
2.893587,-606.836,6494
2.893587,-606.836,6495
2.893587,-606.836,6496
2.893587,-606.836,6497
2.893587,-606.836,6498
2.893486,-606.787,6499
2.893587,-606.836,6500
2.893486,-606.787,6501
2.893385,-606.738,6502
2.893587,-606.836,6503
2.893587,-606.836,6504
2.893587,-606.836,6505
2.893587,-606.836,6506
2.893587,-606.836,6507
2.893587,-606.836,6508
2.893587,-606.836,6509
2.893385,-606.738,6510
2.893486,-606.787,6511
2.893486,-606.787,6512
2.893284,-606.689,6513
2.893385,-606.738,6514
2.893486,-606.787,6515
2.893284,-606.689,6516
2.893284,-606.689,6517
2.893284,-606.689,6518
2.893788,-606.935,6519
2.893486,-606.787,6520
2.893486,-606.787,6521
2.893587,-606.836,6522
2.893587,-606.836,6523
2.893587,-606.836,6524
2.893587,-606.836,6525
2.893587,-606.836,6526
2.893587,-606.836,6527
2.893587,-606.836,6528
2.893587,-606.836,6529
2.893687,-606.885,6530
2.893788,-606.935,6531
2.893687,-606.885,6532
2.893889,-606.984,6533
2.893687,-606.885,6534
2.893587,-606.836,6535
2.893587,-606.836,6536
2.893587,-606.836,6537
2.893687,-606.885,6538
2.893385,-606.738,6539
2.893587,-606.836,6540
2.893486,-606.787,6541
2.893486,-606.787,6542
2.893284,-606.689,6543
2.893486,-606.787,6544
2.893486,-606.787,6545
2.893385,-606.738,6546
2.893486,-606.787,6547
2.893385,-606.738,6548
2.893284,-606.689,6549
2.893284,-606.689,6550
2.893335,-606.714,6551
2.893385,-606.738,6552
2.893486,-606.787,6553
2.893385,-606.738,6554
2.893587,-606.836,6555
2.893788,-606.935,6556
2.893587,-606.836,6557
2.893587,-606.836,6558
2.893486,-606.787,6559
2.893788,-606.935,6560
2.893687,-606.885,6561
2.893486,-606.787,6562
2.893587,-606.836,6563
2.893385,-606.738,6564
2.893687,-606.885,6565
2.893587,-606.836,6566
2.893486,-606.787,6567
2.893587,-606.836,6568
2.893486,-606.787,6569
2.893587,-606.836,6570
2.893788,-606.935,6571
2.893788,-606.935,6572
2.893687,-606.885,6573
2.893587,-606.836,6574
2.893587,-606.836,6575
2.893687,-606.885,6576
2.893889,-606.984,6577
2.893889,-606.984,6578
2.893788,-606.935,6579
2.893687,-606.885,6580
2.893687,-606.885,6581
2.893788,-606.935,6582
2.893687,-606.885,6583
2.893687,-606.885,6584
2.893587,-606.836,6585
2.893587,-606.836,6586
2.893587,-606.836,6587
2.893486,-606.787,6588
2.893587,-606.836,6589
2.893486,-606.787,6590
2.893486,-606.787,6591
2.893788,-606.935,6592
2.893587,-606.836,6593
2.893486,-606.787,6594
2.893788,-606.935,6595
2.893486,-606.787,6596
2.893486,-606.787,6597
2.893486,-606.787,6598
2.893486,-606.787,6599
2.893687,-606.885,6600
2.893587,-606.836,6601
2.893788,-606.935,6602
2.893486,-606.787,6603
2.893385,-606.738,6604
2.893284,-606.689,6605
2.893385,-606.738,6606
2.893385,-606.738,6607
2.893587,-606.836,6608
2.893587,-606.836,6609
2.893335,-606.714,6610
2.893587,-606.836,6611
2.893587,-606.836,6612
2.893587,-606.836,6613
2.893385,-606.738,6614
2.893486,-606.787,6615
2.893587,-606.836,6616
2.893587,-606.836,6617
2.893486,-606.787,6618
2.893435,-606.763,6619
2.893284,-606.689,6620
2.893486,-606.787,6621
2.893385,-606.738,6622
2.893385,-606.738,6623
2.893284,-606.689,6624
2.893486,-606.787,6625
2.893486,-606.787,6626
2.893486,-606.787,6627
2.893536,-606.812,6628
2.893486,-606.787,6629
2.893486,-606.787,6630
2.893587,-606.836,6631
2.893687,-606.885,6632
2.893788,-606.935,6633
2.893889,-606.984,6634
2.893486,-606.787,6635
2.893788,-606.935,6636
2.893587,-606.836,6637
2.893788,-606.935,6638
2.893788,-606.935,6639
2.893587,-606.836,6640
2.893889,-606.984,6641
2.893788,-606.935,6642
2.893788,-606.935,6643
2.893687,-606.885,6644
2.893788,-606.935,6645
2.893889,-606.984,6646
2.893788,-606.935,6647
2.893788,-606.935,6648
2.893788,-606.935,6649
2.893889,-606.984,6650
2.893788,-606.935,6651
2.893587,-606.836,6652
2.893687,-606.885,6653
2.893788,-606.935,6654
2.893687,-606.885,6655
2.893687,-606.885,6656
2.893788,-606.935,6657
2.893687,-606.885,6658
2.893486,-606.787,6659
2.893587,-606.836,6660
2.893587,-606.836,6661
2.893587,-606.836,6662
2.893587,-606.836,6663
2.893788,-606.935,6664
2.893788,-606.935,6665
2.893788,-606.935,6666
2.893788,-606.935,6667
2.893587,-606.836,6668
2.893788,-606.935,6669
2.893687,-606.885,6670
2.893587,-606.836,6671
2.893687,-606.885,6672
2.893587,-606.836,6673
2.893486,-606.787,6674
2.893687,-606.885,6675
2.893687,-606.885,6676
2.893687,-606.885,6677
2.893536,-606.812,6678
2.893788,-606.935,6679
2.893788,-606.935,6680
2.893788,-606.935,6681
2.893788,-606.935,6682
2.893587,-606.836,6683
2.893788,-606.935,6684
2.893788,-606.935,6685
2.893788,-606.935,6686
2.893587,-606.836,6687
2.893687,-606.885,6688
2.893687,-606.885,6689
2.893738,-606.91,6690
2.893587,-606.836,6691
2.893587,-606.836,6692
2.893587,-606.836,6693
2.893385,-606.738,6694
2.893385,-606.738,6695
2.893385,-606.738,6696
2.893486,-606.787,6697
2.893687,-606.885,6698
2.893687,-606.885,6699
2.893587,-606.836,6700
2.893687,-606.885,6701
2.893687,-606.885,6702
2.893385,-606.738,6703
2.893788,-606.935,6704
2.893788,-606.935,6705
2.893788,-606.935,6706
2.893587,-606.836,6707
2.893587,-606.836,6708
2.893587,-606.836,6709
2.893587,-606.836,6710
2.893385,-606.738,6711
2.893385,-606.738,6712
2.893385,-606.738,6713
2.893284,-606.689,6714
2.893385,-606.738,6715
2.893385,-606.738,6716
2.893335,-606.714,6717
2.893486,-606.787,6718
2.893587,-606.836,6719
2.893889,-606.984,6720
2.893788,-606.935,6721
2.893788,-606.935,6722
2.893889,-606.984,6723
2.893788,-606.935,6724
2.893889,-606.984,6725
2.893587,-606.836,6726
2.893788,-606.935,6727
2.893335,-606.714,6728
2.893587,-606.836,6729
2.893385,-606.738,6730
2.893184,-606.64,6731
2.893335,-606.714,6732
2.893486,-606.787,6733
2.893486,-606.787,6734
2.893385,-606.738,6735
2.893486,-606.787,6736
2.893486,-606.787,6737
2.893587,-606.836,6738
2.893587,-606.836,6739
2.893687,-606.885,6740
2.893788,-606.935,6741
2.893788,-606.935,6742
2.893788,-606.935,6743
2.893889,-606.984,6744
2.893788,-606.935,6745
2.893788,-606.935,6746
2.893687,-606.885,6747
2.893687,-606.885,6748
2.893788,-606.935,6749
2.893587,-606.836,6750
2.893687,-606.885,6751
2.893788,-606.935,6752
2.893587,-606.836,6753
2.893788,-606.935,6754
2.893687,-606.885,6755
2.893587,-606.836,6756
2.893486,-606.787,6757
2.893385,-606.738,6758
2.893587,-606.836,6759
2.893587,-606.836,6760
2.893335,-606.714,6761
2.893486,-606.787,6762
2.893335,-606.714,6763
2.893486,-606.787,6764
2.893486,-606.787,6765
2.893486,-606.787,6766
2.893788,-606.935,6767
2.893486,-606.787,6768
2.893788,-606.935,6769
2.893788,-606.935,6770
2.893587,-606.836,6771
2.893536,-606.812,6772
2.893587,-606.836,6773
2.893587,-606.836,6774
2.893587,-606.836,6775
2.893486,-606.787,6776
2.893486,-606.787,6777
2.893486,-606.787,6778
2.893587,-606.836,6779
2.893385,-606.738,6780
2.893587,-606.836,6781
2.893587,-606.836,6782
2.893587,-606.836,6783
2.893486,-606.787,6784
2.893587,-606.836,6785
2.893486,-606.787,6786
2.893587,-606.836,6787
2.893788,-606.935,6788
2.893587,-606.836,6789
2.893687,-606.885,6790
2.893788,-606.935,6791
2.893788,-606.935,6792
2.893637,-606.861,6793
2.893788,-606.935,6794
2.893587,-606.836,6795
2.893587,-606.836,6796
2.893587,-606.836,6797
2.893486,-606.787,6798
2.893687,-606.885,6799
2.893687,-606.885,6800
2.893788,-606.935,6801
2.893788,-606.935,6802
2.893889,-606.984,6803
2.893687,-606.885,6804
2.893687,-606.885,6805
2.893838,-606.959,6806
2.893687,-606.885,6807
2.893587,-606.836,6808
2.893587,-606.836,6809
2.893687,-606.885,6810
2.893587,-606.836,6811
2.893587,-606.836,6812
2.893788,-606.935,6813
2.893788,-606.935,6814
2.893788,-606.935,6815
2.893889,-606.984,6816
2.893788,-606.935,6817
2.893687,-606.885,6818
2.893486,-606.787,6819
2.893587,-606.836,6820
2.893889,-606.984,6821
2.893687,-606.885,6822
2.893587,-606.836,6823
2.893788,-606.935,6824
2.893486,-606.787,6825
2.893587,-606.836,6826
2.893687,-606.885,6827
2.893788,-606.935,6828
2.893587,-606.836,6829
2.893587,-606.836,6830
2.893587,-606.836,6831
2.893687,-606.885,6832
2.893587,-606.836,6833
2.893587,-606.836,6834
2.893587,-606.836,6835
2.893587,-606.836,6836
2.893486,-606.787,6837
2.893486,-606.787,6838
2.893385,-606.738,6839
2.893587,-606.836,6840
2.893486,-606.787,6841
2.893587,-606.836,6842
2.893587,-606.836,6843
2.893486,-606.787,6844
2.893486,-606.787,6845
2.893788,-606.935,6846
2.893687,-606.885,6847
2.893687,-606.885,6848
2.893788,-606.935,6849
2.893788,-606.935,6850
2.893889,-606.984,6851
2.893687,-606.885,6852
2.893687,-606.885,6853
2.893889,-606.984,6854
2.893788,-606.935,6855
2.893687,-606.885,6856
2.893637,-606.861,6857
2.893687,-606.885,6858
2.893587,-606.836,6859
2.893486,-606.787,6860
2.893687,-606.885,6861
2.893587,-606.836,6862
2.893587,-606.836,6863
2.893587,-606.836,6864
2.893587,-606.836,6865
2.893486,-606.787,6866
2.893486,-606.787,6867
2.893587,-606.836,6868
2.893587,-606.836,6869
2.893385,-606.738,6870
2.893486,-606.787,6871
2.893788,-606.935,6872
2.893486,-606.787,6873
2.893587,-606.836,6874
2.893587,-606.836,6875
2.893687,-606.885,6876
2.893587,-606.836,6877
2.893587,-606.836,6878
2.893788,-606.935,6879
2.893687,-606.885,6880
2.893587,-606.836,6881
2.893788,-606.935,6882
2.893889,-606.984,6883
2.893788,-606.935,6884
2.893486,-606.787,6885
2.893587,-606.836,6886
2.893486,-606.787,6887
2.893486,-606.787,6888
2.893587,-606.836,6889
2.893486,-606.787,6890
2.893587,-606.836,6891
2.893486,-606.787,6892
2.893486,-606.787,6893
2.893385,-606.738,6894
2.893486,-606.787,6895
2.893385,-606.738,6896
2.893486,-606.787,6897
2.893687,-606.885,6898
2.893385,-606.738,6899
2.893486,-606.787,6900
2.893486,-606.787,6901
2.893687,-606.885,6902
2.893687,-606.885,6903
2.893889,-606.984,6904
2.893889,-606.984,6905
2.893788,-606.935,6906
2.893889,-606.984,6907
2.893687,-606.885,6908
2.893687,-606.885,6909
2.893587,-606.836,6910
2.893788,-606.935,6911
2.893687,-606.885,6912
2.893587,-606.836,6913
2.893385,-606.738,6914
2.893385,-606.738,6915
2.893486,-606.787,6916
2.893486,-606.787,6917
2.893587,-606.836,6918
2.893587,-606.836,6919
2.893587,-606.836,6920
2.893486,-606.787,6921
2.893486,-606.787,6922
2.893687,-606.885,6923
2.893788,-606.935,6924
2.893687,-606.885,6925
2.893889,-606.984,6926
2.893889,-606.984,6927
2.893788,-606.935,6928
2.893587,-606.836,6929
2.893889,-606.984,6930
2.893587,-606.836,6931
2.893587,-606.836,6932
2.893587,-606.836,6933
2.893486,-606.787,6934
2.893486,-606.787,6935
2.893486,-606.787,6936
2.893486,-606.787,6937
2.893587,-606.836,6938
2.893486,-606.787,6939
2.893486,-606.787,6940
2.893587,-606.836,6941
2.893587,-606.836,6942
2.893486,-606.787,6943
2.893587,-606.836,6944
2.893788,-606.935,6945
2.893687,-606.885,6946
2.893687,-606.885,6947
2.893587,-606.836,6948
2.893587,-606.836,6949
2.893587,-606.836,6950
2.893587,-606.836,6951
2.893536,-606.812,6952
2.893587,-606.836,6953
2.893587,-606.836,6954
2.893587,-606.836,6955
2.893587,-606.836,6956
2.893587,-606.836,6957
2.893637,-606.861,6958
2.893587,-606.836,6959
2.893687,-606.885,6960
2.893788,-606.935,6961
2.893687,-606.885,6962
2.893788,-606.935,6963
2.893788,-606.935,6964
2.893788,-606.935,6965
2.893687,-606.885,6966
2.893486,-606.787,6967
2.893587,-606.836,6968
2.893385,-606.738,6969
2.893284,-606.689,6970
2.893385,-606.738,6971
2.893385,-606.738,6972
2.893587,-606.836,6973
2.893385,-606.738,6974
2.893486,-606.787,6975
2.893587,-606.836,6976
2.893788,-606.935,6977
2.893889,-606.984,6978
2.893788,-606.935,6979
2.893889,-606.984,6980
2.893889,-606.984,6981
2.893788,-606.935,6982
2.893587,-606.836,6983
2.893385,-606.738,6984
2.893486,-606.787,6985
2.893587,-606.836,6986
2.893385,-606.738,6987
2.893284,-606.689,6988
2.893486,-606.787,6989
2.893486,-606.787,6990
2.893486,-606.787,6991
2.893788,-606.935,6992
2.893587,-606.836,6993
2.893788,-606.935,6994
2.893788,-606.935,6995
2.893788,-606.935,6996
2.893587,-606.836,6997
2.893687,-606.885,6998
2.893486,-606.787,6999
2.893687,-606.885,7000
2.893385,-606.738,7001
2.893587,-606.836,7002
2.893486,-606.787,7003
2.893486,-606.787,7004
2.893284,-606.689,7005
2.893587,-606.836,7006
2.893587,-606.836,7007
2.893587,-606.836,7008
2.893788,-606.935,7009
2.893788,-606.935,7010
2.893587,-606.836,7011
2.893587,-606.836,7012
2.893587,-606.836,7013
2.893587,-606.836,7014
2.893587,-606.836,7015
2.893435,-606.763,7016
2.893587,-606.836,7017
2.893587,-606.836,7018
2.893587,-606.836,7019
2.893587,-606.836,7020
2.893687,-606.885,7021
2.893587,-606.836,7022
2.893687,-606.885,7023
2.893687,-606.885,7024
2.893587,-606.836,7025
2.893587,-606.836,7026
2.893486,-606.787,7027
2.893587,-606.836,7028
2.893486,-606.787,7029
2.893284,-606.689,7030
2.893486,-606.787,7031
2.893587,-606.836,7032
2.893587,-606.836,7033
2.893385,-606.738,7034
2.893587,-606.836,7035
2.893687,-606.885,7036
2.893587,-606.836,7037
2.893486,-606.787,7038
2.893587,-606.836,7039
2.893788,-606.935,7040
2.893687,-606.885,7041
2.893889,-606.984,7042
2.893788,-606.935,7043
2.893788,-606.935,7044
2.893687,-606.885,7045
2.893587,-606.836,7046
2.893788,-606.935,7047
2.893687,-606.885,7048
2.893587,-606.836,7049
2.893788,-606.935,7050
2.893687,-606.885,7051
2.893687,-606.885,7052
2.893788,-606.935,7053
2.893889,-606.984,7054
2.893587,-606.836,7055
2.893587,-606.836,7056
2.893687,-606.885,7057
2.893687,-606.885,7058
2.893587,-606.836,7059
2.893587,-606.836,7060
2.893587,-606.836,7061
2.893587,-606.836,7062
2.893788,-606.935,7063
2.893587,-606.836,7064
2.893587,-606.836,7065
2.893587,-606.836,7066
2.893486,-606.787,7067
2.893587,-606.836,7068
2.893536,-606.812,7069
2.893385,-606.738,7070
2.893486,-606.787,7071
2.893687,-606.885,7072
2.893587,-606.836,7073
2.893385,-606.738,7074
2.893486,-606.787,7075
2.893587,-606.836,7076
2.893587,-606.836,7077
2.893687,-606.885,7078
2.893687,-606.885,7079
2.893788,-606.935,7080
2.893587,-606.836,7081
2.893687,-606.885,7082
2.893889,-606.984,7083
2.893889,-606.984,7084
2.893587,-606.836,7085
2.893687,-606.885,7086
2.893587,-606.836,7087
2.893385,-606.738,7088
2.893687,-606.885,7089
2.893486,-606.787,7090
2.893486,-606.787,7091
2.893587,-606.836,7092
2.893788,-606.935,7093
2.893587,-606.836,7094
2.893788,-606.935,7095
2.893587,-606.836,7096
2.893687,-606.885,7097
2.893788,-606.935,7098
2.893788,-606.935,7099
2.893587,-606.836,7100
2.893587,-606.836,7101
2.893587,-606.836,7102
2.893587,-606.836,7103
2.893486,-606.787,7104
2.893587,-606.836,7105
2.893486,-606.787,7106
2.893385,-606.738,7107
2.893687,-606.885,7108
2.893687,-606.885,7109
2.893587,-606.836,7110
2.893587,-606.836,7111
2.893687,-606.885,7112
2.893587,-606.836,7113
2.893486,-606.787,7114
2.893788,-606.935,7115
2.893687,-606.885,7116
2.893687,-606.885,7117
2.893587,-606.836,7118
2.893788,-606.935,7119
2.893788,-606.935,7120
2.893788,-606.935,7121
2.893587,-606.836,7122
2.893687,-606.885,7123
2.893587,-606.836,7124
2.893587,-606.836,7125
2.893587,-606.836,7126
2.893637,-606.861,7127
2.893486,-606.787,7128
2.893486,-606.787,7129
2.893587,-606.836,7130
2.893587,-606.836,7131
2.893284,-606.689,7132
2.893284,-606.689,7133
2.893587,-606.836,7134
2.893536,-606.812,7135
2.893687,-606.885,7136
2.893587,-606.836,7137
2.893687,-606.885,7138
2.893788,-606.935,7139
2.893889,-606.984,7140
2.893889,-606.984,7141
2.893788,-606.935,7142
2.893889,-606.984,7143
2.893788,-606.935,7144
2.893788,-606.935,7145
2.893788,-606.935,7146
2.893687,-606.885,7147
2.893687,-606.885,7148
2.893486,-606.787,7149
2.893486,-606.787,7150
2.893587,-606.836,7151
2.893587,-606.836,7152
2.893435,-606.763,7153
2.893284,-606.689,7154
2.893335,-606.714,7155
2.893486,-606.787,7156
2.893486,-606.787,7157
2.893486,-606.787,7158
2.893486,-606.787,7159
2.893587,-606.836,7160
2.893486,-606.787,7161
2.893587,-606.836,7162
2.893587,-606.836,7163
2.893687,-606.885,7164
2.893385,-606.738,7165
2.893587,-606.836,7166
2.893788,-606.935,7167
2.893687,-606.885,7168
2.893587,-606.836,7169
2.893788,-606.935,7170
2.893587,-606.836,7171
2.893687,-606.885,7172
2.893587,-606.836,7173
2.893889,-606.984,7174
2.893788,-606.935,7175
2.893587,-606.836,7176
2.893687,-606.885,7177
2.893788,-606.935,7178
2.893687,-606.885,7179
2.893687,-606.885,7180
2.893687,-606.885,7181
2.893587,-606.836,7182
2.893486,-606.787,7183
2.893385,-606.738,7184
2.893486,-606.787,7185
2.893587,-606.836,7186
2.893284,-606.689,7187
2.893587,-606.836,7188
2.893486,-606.787,7189
2.893587,-606.836,7190
2.893587,-606.836,7191
2.893788,-606.935,7192
2.893687,-606.885,7193
2.893687,-606.885,7194
2.893687,-606.885,7195
2.893889,-606.984,7196
2.893889,-606.984,7197
2.893687,-606.885,7198
2.893587,-606.836,7199
2.893687,-606.885,7200
2.893587,-606.836,7201
2.893486,-606.787,7202
2.893587,-606.836,7203
2.893587,-606.836,7204
2.893385,-606.738,7205
2.893385,-606.738,7206
2.893587,-606.836,7207
2.893587,-606.836,7208
2.893587,-606.836,7209
2.893587,-606.836,7210
2.893587,-606.836,7211
2.893637,-606.861,7212
2.893889,-606.984,7213
2.893738,-606.91,7214
2.893889,-606.984,7215
2.893687,-606.885,7216
2.893788,-606.935,7217
2.893788,-606.935,7218
2.893587,-606.836,7219
2.893284,-606.689,7220
2.893788,-606.935,7221
2.893486,-606.787,7222
2.893335,-606.714,7223
2.893486,-606.787,7224
2.893687,-606.885,7225
2.893587,-606.836,7226
2.893486,-606.787,7227
2.893587,-606.836,7228
2.893587,-606.836,7229
2.893536,-606.812,7230
2.893587,-606.836,7231
2.893587,-606.836,7232
2.893687,-606.885,7233
2.893788,-606.935,7234
2.893587,-606.836,7235
2.893989,-607.033,7236
2.893889,-606.984,7237
2.893687,-606.885,7238
2.893788,-606.935,7239
2.893687,-606.885,7240
2.893587,-606.836,7241
2.893587,-606.836,7242
2.893587,-606.836,7243
2.893687,-606.885,7244
2.893536,-606.812,7245
2.893486,-606.787,7246
2.893587,-606.836,7247
2.893587,-606.836,7248
2.893587,-606.836,7249
2.893486,-606.787,7250
2.893587,-606.836,7251
2.893587,-606.836,7252
2.893536,-606.812,7253
2.893587,-606.836,7254
2.893788,-606.935,7255
2.893486,-606.787,7256
2.893687,-606.885,7257
2.893889,-606.984,7258
2.893788,-606.935,7259
2.893687,-606.885,7260
2.893536,-606.812,7261
2.893587,-606.836,7262
2.893385,-606.738,7263
2.893486,-606.787,7264
2.893587,-606.836,7265
2.893435,-606.763,7266
2.893486,-606.787,7267
2.893587,-606.836,7268
2.893587,-606.836,7269
2.893788,-606.935,7270
2.893889,-606.984,7271
2.893889,-606.984,7272
2.893889,-606.984,7273
2.893788,-606.935,7274
2.893788,-606.935,7275
2.893687,-606.885,7276
2.893587,-606.836,7277
2.893486,-606.787,7278
2.893536,-606.812,7279
2.893486,-606.787,7280
2.893385,-606.738,7281
2.893587,-606.836,7282
2.893587,-606.836,7283
2.893687,-606.885,7284
2.893587,-606.836,7285
2.893788,-606.935,7286
2.893889,-606.984,7287
2.893486,-606.787,7288
2.893587,-606.836,7289
2.893587,-606.836,7290
2.893587,-606.836,7291
2.893486,-606.787,7292
2.893587,-606.836,7293
2.893788,-606.935,7294
2.893687,-606.885,7295
2.893587,-606.836,7296
2.893788,-606.935,7297
2.893889,-606.984,7298
2.893587,-606.836,7299
2.893687,-606.885,7300
2.893788,-606.935,7301
2.893587,-606.836,7302
2.893385,-606.738,7303
2.893486,-606.787,7304
2.893687,-606.885,7305
2.893687,-606.885,7306
2.893335,-606.714,7307
2.893587,-606.836,7308
2.893587,-606.836,7309
2.893687,-606.885,7310
2.893788,-606.935,7311
2.893889,-606.984,7312
2.893788,-606.935,7313
2.893587,-606.836,7314
2.893587,-606.836,7315
2.893587,-606.836,7316
2.893587,-606.836,7317
2.893385,-606.738,7318
2.893284,-606.689,7319
2.893587,-606.836,7320
2.893587,-606.836,7321
2.893486,-606.787,7322
2.893788,-606.935,7323
2.893788,-606.935,7324
2.893889,-606.984,7325
2.893738,-606.91,7326
2.893788,-606.935,7327
2.893687,-606.885,7328
2.893587,-606.836,7329
2.893687,-606.885,7330
2.893486,-606.787,7331
2.893284,-606.689,7332
2.893385,-606.738,7333
2.893486,-606.787,7334
2.893587,-606.836,7335
2.893385,-606.738,7336
2.893587,-606.836,7337
2.893687,-606.885,7338
2.893687,-606.885,7339
2.893687,-606.885,7340
2.893788,-606.935,7341
2.893788,-606.935,7342
2.893687,-606.885,7343
2.893587,-606.836,7344
2.893486,-606.787,7345
2.893486,-606.787,7346
2.893335,-606.714,7347
2.893587,-606.836,7348
2.893486,-606.787,7349
2.893385,-606.738,7350
2.893486,-606.787,7351
2.893587,-606.836,7352
2.893385,-606.738,7353
2.893335,-606.714,7354
2.893587,-606.836,7355
2.893587,-606.836,7356
2.893889,-606.984,7357
2.893788,-606.935,7358
2.893788,-606.935,7359
2.893788,-606.935,7360
2.893788,-606.935,7361
2.893687,-606.885,7362
2.893587,-606.836,7363
2.893587,-606.836,7364
2.893486,-606.787,7365
2.893486,-606.787,7366
2.893587,-606.836,7367
2.893587,-606.836,7368
2.893385,-606.738,7369
2.893587,-606.836,7370
2.893587,-606.836,7371
2.893486,-606.787,7372
2.893486,-606.787,7373
2.893486,-606.787,7374
2.893788,-606.935,7375
2.893687,-606.885,7376
2.893788,-606.935,7377
2.893889,-606.984,7378
2.893788,-606.935,7379
2.893889,-606.984,7380
2.893889,-606.984,7381
2.893587,-606.836,7382
2.893587,-606.836,7383
2.893385,-606.738,7384
2.893687,-606.885,7385
2.893587,-606.836,7386
2.893385,-606.738,7387
2.893284,-606.689,7388
2.893486,-606.787,7389
2.893486,-606.787,7390
2.893486,-606.787,7391
2.893788,-606.935,7392
2.893687,-606.885,7393
2.893587,-606.836,7394
2.893687,-606.885,7395
2.893788,-606.935,7396
2.893637,-606.861,7397
2.893486,-606.787,7398
2.893587,-606.836,7399
2.893536,-606.812,7400
2.893536,-606.812,7401
2.893385,-606.738,7402
2.893587,-606.836,7403
2.893587,-606.836,7404
2.893284,-606.689,7405
2.893486,-606.787,7406
2.893587,-606.836,7407
2.893385,-606.738,7408
2.893486,-606.787,7409
2.893587,-606.836,7410
2.893587,-606.836,7411
2.893587,-606.836,7412
2.893788,-606.935,7413
2.893788,-606.935,7414
2.893788,-606.935,7415
2.893587,-606.836,7416
2.893788,-606.935,7417
2.893788,-606.935,7418
2.893788,-606.935,7419
2.893486,-606.787,7420
2.893587,-606.836,7421
2.893587,-606.836,7422
2.893587,-606.836,7423
2.893385,-606.738,7424
2.893335,-606.714,7425
2.893587,-606.836,7426
2.893486,-606.787,7427
2.893687,-606.885,7428
2.893738,-606.91,7429
2.893587,-606.836,7430
2.893687,-606.885,7431
2.893687,-606.885,7432
2.893687,-606.885,7433
2.893889,-606.984,7434
2.893889,-606.984,7435
2.893788,-606.935,7436
2.893889,-606.984,7437
2.893889,-606.984,7438
2.893889,-606.984,7439
2.893788,-606.935,7440
2.893687,-606.885,7441
2.893587,-606.836,7442
2.893687,-606.885,7443
2.893486,-606.787,7444
2.893486,-606.787,7445
2.893335,-606.714,7446
2.893486,-606.787,7447
2.893587,-606.836,7448
2.893284,-606.689,7449
2.893486,-606.787,7450
2.893687,-606.885,7451
2.893687,-606.885,7452
2.893889,-606.984,7453
2.893788,-606.935,7454
2.893889,-606.984,7455
2.893687,-606.885,7456
2.893788,-606.935,7457
2.893788,-606.935,7458
2.893788,-606.935,7459
2.893486,-606.787,7460
2.893486,-606.787,7461
2.893486,-606.787,7462
2.893385,-606.738,7463
2.893486,-606.787,7464
2.893587,-606.836,7465
2.893486,-606.787,7466
2.893385,-606.738,7467
2.893284,-606.689,7468
2.893587,-606.836,7469
2.893788,-606.935,7470
2.893587,-606.836,7471
2.893788,-606.935,7472
2.893788,-606.935,7473
2.893587,-606.836,7474
2.893486,-606.787,7475
2.893788,-606.935,7476
2.893587,-606.836,7477
2.893587,-606.836,7478
2.893486,-606.787,7479
2.893587,-606.836,7480
2.893587,-606.836,7481
2.893385,-606.738,7482
2.893587,-606.836,7483
2.893587,-606.836,7484
2.893486,-606.787,7485
2.893486,-606.787,7486
2.893587,-606.836,7487
2.893587,-606.836,7488
2.893587,-606.836,7489
2.893788,-606.935,7490
2.893788,-606.935,7491
2.893687,-606.885,7492
2.893788,-606.935,7493
2.893687,-606.885,7494
2.893889,-606.984,7495
2.893587,-606.836,7496
2.893587,-606.836,7497
2.893486,-606.787,7498
2.893385,-606.738,7499
2.893486,-606.787,7500
2.893385,-606.738,7501
2.893587,-606.836,7502
2.893587,-606.836,7503
2.893587,-606.836,7504
2.893536,-606.812,7505
2.893486,-606.787,7506
2.893587,-606.836,7507
2.893587,-606.836,7508
2.893687,-606.885,7509
2.893587,-606.836,7510
2.893486,-606.787,7511
2.893788,-606.935,7512
2.893889,-606.984,7513
2.893788,-606.935,7514
2.893788,-606.935,7515
2.893788,-606.935,7516
2.893587,-606.836,7517
2.893536,-606.812,7518
2.893385,-606.738,7519
2.893587,-606.836,7520
2.893587,-606.836,7521
2.893687,-606.885,7522
2.893486,-606.787,7523
2.893687,-606.885,7524
2.893587,-606.836,7525
2.893486,-606.787,7526
2.893889,-606.984,7527
2.893788,-606.935,7528
2.893687,-606.885,7529
2.893687,-606.885,7530
2.893788,-606.935,7531
2.893637,-606.861,7532
2.893486,-606.787,7533
2.893587,-606.836,7534
2.893486,-606.787,7535
2.893284,-606.689,7536
2.893284,-606.689,7537
2.893486,-606.787,7538
2.893486,-606.787,7539
2.893587,-606.836,7540
2.893587,-606.836,7541
2.893486,-606.787,7542
2.893587,-606.836,7543
2.893536,-606.812,7544
2.893788,-606.935,7545
2.893788,-606.935,7546
2.893587,-606.836,7547
2.893687,-606.885,7548
2.893788,-606.935,7549
2.893788,-606.935,7550
2.893838,-606.959,7551
2.893788,-606.935,7552
2.893587,-606.836,7553
2.893687,-606.885,7554
2.893486,-606.787,7555
2.893486,-606.787,7556
2.893587,-606.836,7557
2.893486,-606.787,7558
2.893889,-606.984,7621
2.893687,-606.885,7622
2.893587,-606.836,7623
2.893385,-606.738,7624
2.893587,-606.836,7625
2.893486,-606.787,7626
2.893486,-606.787,7627
2.893284,-606.689,7628
2.893486,-606.787,7629
2.893385,-606.738,7630
2.893284,-606.689,7631
2.893385,-606.738,7632
2.893587,-606.836,7633
2.893587,-606.836,7634
2.893687,-606.885,7635
2.893738,-606.91,7636
2.893889,-606.984,7637
2.893587,-606.836,7638
2.893788,-606.935,7639
2.893838,-606.959,7640
2.893889,-606.984,7641
2.893587,-606.836,7642
2.893587,-606.836,7643
2.893788,-606.935,7644
